,EC_A,Thick_A,EC_B,Thick_B,EC_C
0,0.8477854403160514,0.23500448971959353,0.4564422421536419,0.09496607208774531,0.9360775713733144
