,EC_A,Thick_A,EC_B,Thick_B,EC_C
0,12.373848094177939,0.4073744125621353,23.41100006797234,0.5790130706108227,8.022599996840803
