,EC_A,Thick_A,EC_B,Thick_B,EC_C
0,12.37664307554236,0.4071057261579221,23.33577420777514,0.5804128055442763,7.952892625086055
