,EC_A,Thick_A,EC_B,Thick_B,EC_C
0,0.8477559116989489,0.23541610967600518,0.45918872266445654,0.0957324671066105,0.9372027024017516
