,EC_A,Thick_A,EC_B,Thick_B,EC_C
0,0.8473104045968768,0.23431140215430307,0.46169323294755793,0.09591840697474534,0.9362004343374835
