,EC_A,Thick_A,EC_B,Thick_B,EC_C
0,12.371827212830889,0.4061401168168233,23.296326237133535,0.5796175645674966,8.007557371591897
