,EC_A,Thick_A,EC_B,Thick_B,EC_C
0,12.461696258965281,0.4068262502941639,23.26261442399238,0.5797747806188381,8.022606808277704
