,EC_A,Thick_A,EC_B,Thick_B,EC_C
0,0.8455897922535774,0.23609189806186676,0.46332020217530073,0.09625798289184276,0.9361451751462677
