,EC_A,Thick_A,EC_B,Thick_B,EC_C
0,0.8492397897288356,0.23422032850951005,0.460478054501575,0.09686578381753873,0.9367812902782797
