,EC_A,Thick_A,EC_B,Thick_B,EC_C
0,12.312116460545866,0.4072293777745835,23.299492132001085,0.5789749982260279,7.97095277955218
