,EC_A,Thick_A,EC_B,Thick_B,EC_C
0,0.847700137715435,0.23069254403210532,0.457894126312343,0.09805831788081745,0.9368809734544236
