,EC_A,Thick_A,EC_B,Thick_B,EC_C
0,12.395099641039248,0.4087747983194678,23.395269152858155,0.5794625525180308,7.96412176908724
