,EC_A,Thick_A,EC_B,Thick_B,EC_C
0,12.381313132874988,0.40656891029958225,23.373771013148538,0.578294887001092,8.003542566916042
