,EC_A,Thick_A,EC_B,Thick_B,EC_C
0,0.8472938839726665,0.23801767437732008,0.4582225454092287,0.09845314518876741,0.9363570403761026
