,EC_A,Thick_A,EC_B,Thick_B,EC_C
0,0.8463981022304665,0.2349393286619526,0.4590714677181967,0.09839133863189872,0.9360559592765283
