,EC_A,Thick_A,EC_B,Thick_B,EC_C
0,12.438565384038233,0.40677409592925623,23.359241711670013,0.5788766916731909,8.024292855355792
