,EC_A,Thick_A,EC_B,Thick_B,EC_C
0,12.37868012736281,0.4070091498465077,23.31696991310102,0.5808111964657586,7.965215164710791
