,EC_A,Thick_A,EC_B,Thick_B,EC_C
0,0.8479142249952968,0.23644595125877702,0.4627272628087402,0.09593117113894785,0.9370650888400991
