,EC_A,Thick_A,EC_B,Thick_B,EC_C
0,0.849657146075925,0.24027748093018725,0.4587667238581587,0.09595252422154758,0.937171172332081
