,EC_A,Thick_A,EC_B,Thick_B,EC_C
0,12.295942761503099,0.4048242314646675,23.34472298790758,0.5798126939300177,7.953163713386398
