,EC_A,Thick_A,EC_B,Thick_B,EC_C
0,12.29227351106186,0.40528817764962743,23.393756750815527,0.5789696786700643,8.010426761454534
