,EC_A,Thick_A,EC_B,Thick_B,EC_C
0,0.8495924828988647,0.24030260264424194,0.45565603658695847,0.09726039158919805,0.9362776094881333
