,EC_A,Thick_A,EC_B,Thick_B,EC_C
0,0.8494420310560009,0.24040819165040847,0.45653674622007917,0.09894629086667707,0.9364549321131456
