,EC_A,Thick_A,EC_B,Thick_B,EC_C
0,12.312869099258364,0.40465425832303126,23.406722471141972,0.5784354618936576,8.011503374340212
