,EC_A,Thick_A,EC_B,Thick_B,EC_C
0,0.8477653455832946,0.2337580100499065,0.46163308404410996,0.0991250992939823,0.9363358759605976
