,EC_A,Thick_A,EC_B,Thick_B,EC_C
0,12.370249004215207,0.4072250096494421,23.308493805442474,0.5796160583446112,8.017295288287556
