,EC_A,Thick_A,EC_B,Thick_B,EC_C
0,12.350426295215161,0.40701516344746513,23.264308027245548,0.5771535200450544,7.998397728948126
