,EC_A,Thick_A,EC_B,Thick_B,EC_C
0,0.8482844207131404,0.23494260897373914,0.46136620084063773,0.0985372166047654,0.9366387780223022
