,EC_A,Thick_A,EC_B,Thick_B,EC_C
0,0.848190473257701,0.23538381029789962,0.4586551328297953,0.0980058387581285,0.9368069038321378
