,EC_A,Thick_A,EC_B,Thick_B,EC_C
0,12.356143356939102,0.4071938023597643,23.324657366909527,0.579032213523284,7.968979417052982
