,EC_A,Thick_A,EC_B,Thick_B,EC_C
0,12.372069702073249,0.40584553760673464,23.297454071402633,0.5775227075673235,7.975802621310268
