,EC_A,Thick_A,EC_B,Thick_B,EC_C
0,0.8478111874529718,0.2378830496371937,0.4617732111969771,0.10045383133713266,0.9368002533068619
