,EC_A,Thick_A,EC_B,Thick_B,EC_C
0,0.8478802849427011,0.23253965886208192,0.46335821577416214,0.09867493071998776,0.9364780012538597
