,EC_A,Thick_A,EC_B,Thick_B,EC_C
0,12.36441979764039,0.4067713453956783,23.27693988539456,0.5783325519696678,7.997475090847699
