,EC_A,Thick_A,EC_B,Thick_B,EC_C
0,12.342480652450865,0.407071665060698,23.31686815718097,0.5794464614622462,7.995913238705685
