,EC_A,Thick_A,EC_B,Thick_B,EC_C
0,0.8490130622956485,0.23487298298042597,0.46075048850190026,0.0953373052383759,0.9366354771014411
