,EC_A,Thick_A,EC_B,Thick_B,EC_C
0,12.386750339736318,0.4062948073199596,23.376975597032036,0.5799913986344014,8.009820997022352
