,EC_A,Thick_A,EC_B,Thick_B,EC_C
0,0.8476303188553924,0.2368782108816739,0.45785747683784866,0.09497687798521044,0.9362318695779296
