,EC_A,Thick_A,EC_B,Thick_B,EC_C
0,0.8467680292654481,0.23456799558138722,0.460663817390091,0.09740452243790665,0.9360871510431448
