,EC_A,Thick_A,EC_B,Thick_B,EC_C
0,12.41764558257095,0.40700257425128344,23.278075457985608,0.5801345334073056,8.018400709753418
