,EC_A,Thick_A,EC_B,Thick_B,EC_C
0,0.8484392568057515,0.23848627830815153,0.45651661893457296,0.09846220429891163,0.9360477844339501
