,EC_A,Thick_A,EC_B,Thick_B,EC_C
0,12.35123981700195,0.40632533610376775,23.365341290850772,0.5786572023209394,8.015815537189843
