,EC_A,Thick_A,EC_B,Thick_B,EC_C
0,0.8483722499575629,0.23184906819523815,0.46323825188488943,0.09609326189309524,0.9364843231985456
