,EC_A,Thick_A,EC_B,Thick_B,EC_C
0,12.34245305447788,0.4073863115620567,23.254547982709344,0.5795967454273273,7.989454638240254
