,EC_A,Thick_A,EC_B,Thick_B,EC_C
0,12.346399177080746,0.4056748959803823,23.360687342276716,0.5790568050394647,8.003806120352863
