,EC_A,Thick_A,EC_B,Thick_B,EC_C
0,0.8486227828978663,0.23634852830801742,0.4577768361900385,0.0967146275649686,0.9363280673095506
