,EC_A,Thick_A,EC_B,Thick_B,EC_C
0,12.400465601249557,0.4062680909645836,23.33992075838865,0.5789306899118706,7.976736765446779
