,EC_A,Thick_A,EC_B,Thick_B,EC_C
0,0.8475444086096718,0.23735706982089727,0.45836826090500155,0.09715474298982622,0.9367006094621553
