,EC_A,Thick_A,EC_B,Thick_B,EC_C
0,12.327389636842021,0.40602033214957683,23.365537378724547,0.5781407680007515,7.99562456038708
