,EC_A,Thick_A,EC_B,Thick_B,EC_C
0,0.8492090623077381,0.2378714992987759,0.45890304190199893,0.09696628882001516,0.9365261601646567
