,EC_A,Thick_A,EC_B,Thick_B,EC_C
0,0.8496850521149465,0.23504828634127276,0.4576650572032281,0.09845150723324472,0.9366873471568058
