,EC_A,Thick_A,EC_B,Thick_B,EC_C
0,12.31535249940062,0.4073186445042961,23.352040846396875,0.5792200107897127,7.980639635544856
