,EC_A,Thick_A,EC_B,Thick_B,EC_C
0,0.8486498152009142,0.2320150156165263,0.4567335766442979,0.09830750907651917,0.9362338918018734
