,EC_A,Thick_A,EC_B,Thick_B,EC_C
0,12.331636718943658,0.4074825177114783,23.39345058535565,0.5781310974878231,8.014994681711258
