,EC_A,Thick_A,EC_B,Thick_B,EC_C
0,0.8476711364979892,0.2347500425394502,0.4624691104586466,0.09597959609756652,0.9362501168827697
