,EC_A,Thick_A,EC_B,Thick_B,EC_C
0,12.370263059693363,0.407329755579611,23.2313773355434,0.5786452739045695,8.005899539265187
