,EC_A,Thick_A,EC_B,Thick_B,EC_C
0,12.454816058832506,0.40770446564822216,23.366249376040898,0.5782566968315396,8.007789013086995
