,EC_A,Thick_A,EC_B,Thick_B,EC_C
0,0.8463162261238975,0.23341486354940894,0.45759658985787494,0.0973577016571191,0.9362307092651901
