,EC_A,Thick_A,EC_B,Thick_B,EC_C
0,12.377689551513782,0.4074202449827487,23.340812282106622,0.5785561711301455,7.995346392968516
