,EC_A,Thick_A,EC_B,Thick_B,EC_C
0,0.8482977510728075,0.23399621037361515,0.45871750877914896,0.10095769103381898,0.9366618886374738
