,EC_A,Thick_A,EC_B,Thick_B,EC_C
0,12.384525505181305,0.4073128875678743,23.407622158948715,0.5789798327426132,7.9930401303926875
