,EC_A,Thick_A,EC_B,Thick_B,EC_C
0,0.8476295249156104,0.236019901890615,0.4575235780164097,0.09456540186741105,0.9365772835414674
