,EC_A,Thick_A,EC_B,Thick_B,EC_C
0,0.8484828321532032,0.23231746928598626,0.4590552276916675,0.09676682555924186,0.9366341389318731
