,EC_A,Thick_A,EC_B,Thick_B,EC_C
0,12.358603143224212,0.40672439756741524,23.374614603512697,0.5785944914650588,7.9991926722620885
