,EC_A,Thick_A,EC_B,Thick_B,EC_C
0,0.8480002501201209,0.23731759892746157,0.45699748822510344,0.09851491643398509,0.9367174981570143
