,EC_A,Thick_A,EC_B,Thick_B,EC_C
0,12.378033734000867,0.40709163334823106,23.3927145494142,0.5790607112988273,7.996190412927024
