,EC_A,Thick_A,EC_B,Thick_B,EC_C
0,0.8476375838441138,0.23551942194902314,0.4622324538383776,0.09663968232292722,0.935854221011543
