,EC_A,Thick_A,EC_B,Thick_B,EC_C
0,12.4000411995335,0.40659369916376953,23.281714346392853,0.5802136931419107,8.027150379976757
