,EC_A,Thick_A,EC_B,Thick_B,EC_C
0,0.8485874975594401,0.23712007966870377,0.45580537626588374,0.0979623854779085,0.9373160005785607
