,EC_A,Thick_A,EC_B,Thick_B,EC_C
0,12.34484713485222,0.4065612413334551,23.432887511639183,0.578589748328642,7.940116694308064
