,EC_A,Thick_A,EC_B,Thick_B,EC_C
0,12.419403964173009,0.40704034455458266,23.303380405956066,0.5795598588912907,7.977250369900455
