,EC_A,Thick_A,EC_B,Thick_B,EC_C
0,0.8467627963712225,0.23327690666219744,0.4597716980032436,0.09694960391862842,0.9365158781481091
