,EC_A,Thick_A,EC_B,Thick_B,EC_C
0,0.8483419583528219,0.23773388195738315,0.4627837995074139,0.09845387576726933,0.93650423185981
