,EC_A,Thick_A,EC_B,Thick_B,EC_C
0,12.341444179772123,0.4058782011952736,23.302525399469594,0.5792186454886936,7.984959088500849
