,EC_A,Thick_A,EC_B,Thick_B,EC_C
0,12.322838348692418,0.40651478641006733,23.379601204756483,0.5787925168675156,7.955980793942397
