,EC_A,Thick_A,EC_B,Thick_B,EC_C
0,0.8495723995616536,0.23594668957899842,0.458173387854114,0.09711255493868595,0.9369778135801667
