,EC_A,Thick_A,EC_B,Thick_B,EC_C
0,12.291214676826014,0.4067577051142065,23.37256671134066,0.5796805176016827,7.996253653815747
