,EC_A,Thick_A,EC_B,Thick_B,EC_C
0,0.8502840216966417,0.23559581748416333,0.45821403851205655,0.0957752970615116,0.9367245195618397
