,EC_A,Thick_A,EC_B,Thick_B,EC_C
0,12.3062407520984,0.4068474841418686,23.328081248096673,0.5775732980451237,7.968460408811313
