,EC_A,Thick_A,EC_B,Thick_B,EC_C
0,0.8500026035436777,0.23361854953646793,0.45842524207361335,0.09740954255521553,0.9368222342789497
