,EC_A,Thick_A,EC_B,Thick_B,EC_C
0,12.407877976432442,0.4076916198746641,23.326150301103713,0.5786026233665085,7.999793358886576
