,EC_A,Thick_A,EC_B,Thick_B,EC_C
0,0.8471593746290331,0.23490985375915666,0.45995233686714593,0.09847712209939992,0.9364093057178959
