,EC_A,Thick_A,EC_B,Thick_B,EC_C
0,12.36327479446419,0.40649950771907833,23.240500080007344,0.5805044841728835,7.948778751845407
