,EC_A,Thick_A,EC_B,Thick_B,EC_C
0,0.8480472022678965,0.2363737157368686,0.4628768040134542,0.09629328373308339,0.9371786021128617
