,EC_A,Thick_A,EC_B,Thick_B,EC_C
0,0.8490593599000785,0.23452731466077234,0.4594590744633732,0.09565996871265096,0.9367853522942339
