,EC_A,Thick_A,EC_B,Thick_B,EC_C
0,12.340241737166869,0.40707704530612554,23.31828500661177,0.5794300673003981,7.9835535617630455
