,EC_A,Thick_A,EC_B,Thick_B,EC_C
0,12.288419819251098,0.4062520391687687,23.267124653526643,0.5798482491559949,8.009840813854748
