,EC_A,Thick_A,EC_B,Thick_B,EC_C
0,0.849781055043921,0.23612026091918534,0.46122217443667407,0.09518897803759321,0.9363682803263498
