,EC_A,Thick_A,EC_B,Thick_B,EC_C
0,0.8490114826648885,0.23756813992523126,0.4581839092700572,0.09908052397723749,0.9365891160932106
