,EC_A,Thick_A,EC_B,Thick_B,EC_C
0,12.332733780865397,0.4063065034108238,23.36304324698658,0.579557467050664,7.979544634761188
