,EC_A,Thick_A,EC_B,Thick_B,EC_C
0,12.388506366844094,0.40537179891564773,23.332916459079517,0.579443475427607,7.96735573515041
