,EC_A,Thick_A,EC_B,Thick_B,EC_C
0,0.8478279751045603,0.23920711584270765,0.4588675025608877,0.09765744255062417,0.9368168978107076
