,EC_A,Thick_A,EC_B,Thick_B,EC_C
0,12.374495818150844,0.40609777934214214,23.243716778666155,0.5802035963039713,8.016952437679484
