,EC_A,Thick_A,EC_B,Thick_B,EC_C
0,0.8480373180257299,0.23602674542426438,0.46234186227452934,0.09525304083124897,0.9357039986552804
