,EC_A,Thick_A,EC_B,Thick_B,EC_C
0,0.8486125494517136,0.2323190860492576,0.4592320636921411,0.0955025883325206,0.9366363134643952
