,EC_A,Thick_A,EC_B,Thick_B,EC_C
0,12.33543337357305,0.40793246395743654,23.35283499191374,0.5799641315016675,7.987431599454711
