,EC_A,Thick_A,EC_B,Thick_B,EC_C
0,12.343338910250726,0.40802834443960806,23.361491679966896,0.5797955301085513,8.007799458066831
