,EC_A,Thick_A,EC_B,Thick_B,EC_C
0,0.8489263724163937,0.23141555251172083,0.4579511948862477,0.09633125689257058,0.9364181387505127
