,EC_A,Thick_A,EC_B,Thick_B,EC_C
0,0.8476327643363485,0.23873934341155367,0.461375654320283,0.09447339171738775,0.9362827877645934
