,EC_A,Thick_A,EC_B,Thick_B,EC_C
0,12.370475449778684,0.4054865322715001,23.291401009458433,0.579860865392064,8.002685090901199
