,EC_A,Thick_A,EC_B,Thick_B,EC_C
0,0.8467771588505414,0.23546891619638957,0.45853672637423537,0.09823721276678135,0.936400017240052
