,EC_A,Thick_A,EC_B,Thick_B,EC_C
0,12.431337661870254,0.40721550923560085,23.313626666039312,0.5791838759646353,8.01349428317398
