,EC_A,Thick_A,EC_B,Thick_B,EC_C
0,0.8498737037377625,0.23829526587107602,0.4579152388575368,0.09571934080634273,0.9368372520627567
