,EC_A,Thick_A,EC_B,Thick_B,EC_C
0,12.313209327677125,0.4060360737445598,23.38706066232439,0.579331771019748,7.9663850406851555
