,EC_A,Thick_A,EC_B,Thick_B,EC_C
0,12.327410053331459,0.4074724818747919,23.394568797825187,0.5794090357867471,8.017516190589202
