,EC_A,Thick_A,EC_B,Thick_B,EC_C
0,0.8491329993277354,0.23233053508240023,0.45698624836845064,0.09686753111192108,0.9360901044937489
