,EC_A,Thick_A,EC_B,Thick_B,EC_C
0,0.8487939515687442,0.23592479916770367,0.4584186310964903,0.09828974137724887,0.9364880672083785
