,EC_A,Thick_A,EC_B,Thick_B,EC_C
0,12.334315835251724,0.4061707072566406,23.344707186943182,0.5786464898749373,8.001474505049694
