,EC_A,Thick_A,EC_B,Thick_B,EC_C
0,0.8501972230211695,0.23584021602583793,0.4572923409126842,0.09690379467402804,0.9367762822446937
