,EC_A,Thick_A,EC_B,Thick_B,EC_C
0,12.282843637091988,0.4062670471420553,23.37623039118084,0.5785454377187815,7.973796399336003
