,EC_A,Thick_A,EC_B,Thick_B,EC_C
0,12.3255917207462,0.4062923577913443,23.35455198043603,0.5796984634439631,8.03040630230359
