,EC_A,Thick_A,EC_B,Thick_B,EC_C
0,0.8492019642786677,0.23709623334009283,0.45946074408769827,0.09696148542701419,0.9359387047395922
