,EC_A,Thick_A,EC_B,Thick_B,EC_C
0,0.8469616393401249,0.233676991223224,0.45463982491259536,0.0968391398224795,0.9364511906347379
