,EC_A,Thick_A,EC_B,Thick_B,EC_C
0,12.427819187846222,0.40687083670930885,23.416593043269387,0.579238442918759,8.007675729343967
