,EC_A,Thick_A,EC_B,Thick_B,EC_C
0,0.8481892956030013,0.23301107627538262,0.4616064209870476,0.097930014335625,0.9365087972674644
