,EC_A,Thick_A,EC_B,Thick_B,EC_C
0,12.358634556879705,0.4071537945443772,23.30608421426519,0.5793376253487674,8.00148492274999
