,EC_A,Thick_A,EC_B,Thick_B,EC_C
0,0.8491861527060671,0.2314297962660184,0.4591020204695121,0.09712855310357568,0.93678143466197
