,EC_A,Thick_A,EC_B,Thick_B,EC_C
0,12.323971412996922,0.4074184153821479,23.332277055482866,0.5780817945309864,7.979507023349546
