,EC_A,Thick_A,EC_B,Thick_B,EC_C
0,0.8478074272775238,0.2350471948102221,0.45803138022939394,0.09598234594640312,0.9361280508392898
