,EC_A,Thick_A,EC_B,Thick_B,EC_C
0,12.36366901163945,0.4062342385968044,23.351354023469593,0.5807311146976482,8.023492103242205
