,EC_A,Thick_A,EC_B,Thick_B,EC_C
0,12.38546038698777,0.40731451480487885,23.29866116203705,0.5793080089252363,7.975690975999909
