,EC_A,Thick_A,EC_B,Thick_B,EC_C
0,0.8478406578566444,0.2373717213981537,0.46052469170108135,0.09761710279261433,0.9367108605186567
