,EC_A,Thick_A,EC_B,Thick_B,EC_C
0,12.383477489062088,0.406802687148768,23.358068564814403,0.5776473754401351,8.015164300958173
