,EC_A,Thick_A,EC_B,Thick_B,EC_C
0,0.8471929007423942,0.2373030489262912,0.4586061325782542,0.09898539839632467,0.9363572205550895
