,EC_A,Thick_A,EC_B,Thick_B,EC_C
0,0.8478159896817861,0.23760745286950877,0.4577841807696682,0.0975424153291715,0.9361537840647106
