,EC_A,Thick_A,EC_B,Thick_B,EC_C
0,12.376127396993331,0.4058212827011702,23.375901940528433,0.5792545387983135,8.012453375336118
