,EC_A,Thick_A,EC_B,Thick_B,EC_C
0,12.352550848095968,0.4079696840640133,23.240036724843016,0.5782837133719341,7.968242731083265
