,EC_A,Thick_A,EC_B,Thick_B,EC_C
0,0.8480263113765447,0.2316292749242291,0.46161944938717275,0.09800316657521081,0.9368587316104001
