,EC_A,Thick_A,EC_B,Thick_B,EC_C
0,12.276731347025992,0.40422596370667285,23.37954304207459,0.5796193014716675,7.993735698080721
