,EC_A,Thick_A,EC_B,Thick_B,EC_C
0,0.8504758787784052,0.2427323110809989,0.4572077362419321,0.09708835470910251,0.9363520127693553
