,EC_A,Thick_A,EC_B,Thick_B,EC_C
0,12.367402853204245,0.4070095845206117,23.342944621148614,0.5774953153488773,8.038440156769473
