,EC_A,Thick_A,EC_B,Thick_B,EC_C
0,0.8483357530210407,0.23588333960228453,0.4590554505135248,0.1000778209265349,0.9358415350733896
