,EC_A,Thick_A,EC_B,Thick_B,EC_C
0,0.8456234404362707,0.2375284232167763,0.4605097433633901,0.09714736269275799,0.9368319830417791
