,EC_A,Thick_A,EC_B,Thick_B,EC_C
0,12.453359045639317,0.4061285089736858,23.28859869247061,0.5800466484335404,7.982380468338566
