,EC_A,Thick_A,EC_B,Thick_B,EC_C
0,0.848430125461902,0.2374721005327633,0.4615374540490825,0.09443979428706664,0.9366091366955527
