,EC_A,Thick_A,EC_B,Thick_B,EC_C
0,12.35892735710398,0.4062756912370946,23.319046427579412,0.5796214401490035,7.9975805160664475
