,EC_A,Thick_A,EC_B,Thick_B,EC_C
0,0.8473254385991351,0.2346560942490697,0.46202107181617286,0.0992980108305574,0.9364150865865044
