,EC_A,Thick_A,EC_B,Thick_B,EC_C
0,12.38361730066614,0.40674855082466255,23.25077732762191,0.5785722803266546,8.012584362644647
