,EC_A,Thick_A,EC_B,Thick_B,EC_C
0,0.8487162813043593,0.23738562593406048,0.46179401859630714,0.09877996008768283,0.9371815947283558
