,EC_A,Thick_A,EC_B,Thick_B,EC_C
0,12.336652309952223,0.4057585646646663,23.272357835242666,0.5796870324690333,7.959833389706951
