,EC_A,Thick_A,EC_B,Thick_B,EC_C
0,12.429864396604952,0.40621632742615504,23.37906942408912,0.5795692913844347,8.022693202023367
