,EC_A,Thick_A,EC_B,Thick_B,EC_C
0,0.8463723668064087,0.23409887737744936,0.4574821566345916,0.09842466040600166,0.9360923508097321
