,EC_A,Thick_A,EC_B,Thick_B,EC_C
0,12.2996423881893,0.4068655610368821,23.38750756179979,0.5796372296807241,8.008909592368568
