,EC_A,Thick_A,EC_B,Thick_B,EC_C
0,0.8497735160493788,0.2375269822315075,0.4585587024267904,0.09722461376689946,0.936450345367177
