,EC_A,Thick_A,EC_B,Thick_B,EC_C
0,0.8463590750166274,0.23777210072651173,0.4575407337828962,0.0976794945207524,0.9372229881020975
