,EC_A,Thick_A,EC_B,Thick_B,EC_C
0,12.42274168775234,0.40652009344832624,23.355578354924837,0.5780396492422752,7.9483150873734
