,EC_A,Thick_A,EC_B,Thick_B,EC_C
0,0.8508110794165761,0.23973061418407587,0.4592035600466839,0.09664729544702397,0.9366564613685207
