,EC_A,Thick_A,EC_B,Thick_B,EC_C
0,12.275842566200946,0.40564111619638454,23.312445675105174,0.5792355682880729,7.985149684401506
