,EC_A,Thick_A,EC_B,Thick_B,EC_C
0,0.8462307375919018,0.23035190604968325,0.4597207469489173,0.0966375440996593,0.9365323261660391
