,EC_A,Thick_A,EC_B,Thick_B,EC_C
0,12.456492991943424,0.4074819280214331,23.31733715280182,0.5795858553681625,7.99200234404468
