,EC_A,Thick_A,EC_B,Thick_B,EC_C
0,0.8453834221031524,0.23448865746672726,0.46022401588789075,0.09877150201091577,0.93677416864062
