,EC_A,Thick_A,EC_B,Thick_B,EC_C
0,12.493387539105893,0.4062788265858983,23.311279738518692,0.5786811068146145,7.965365911241466
