,EC_A,Thick_A,EC_B,Thick_B,EC_C
0,12.307968170211975,0.4074117392974782,23.315352005192807,0.5800261925238752,7.9903287729717505
