,EC_A,Thick_A,EC_B,Thick_B,EC_C
0,0.8496923949710901,0.23637840728914838,0.46184874381380076,0.09791683360710375,0.9366277886583758
