,EC_A,Thick_A,EC_B,Thick_B,EC_C
0,0.8486748252253035,0.2385084984111768,0.46040598407787464,0.09849040594919786,0.9364922400231253
