,EC_A,Thick_A,EC_B,Thick_B,EC_C
0,12.329397010817384,0.4063094656593213,23.271816766375185,0.5781663821871482,7.99202859691155
