,EC_A,Thick_A,EC_B,Thick_B,EC_C
0,12.385914917822237,0.4061387103413513,23.342938176882505,0.5787017543106334,7.960595956333383
