,EC_A,Thick_A,EC_B,Thick_B,EC_C
0,0.8477944607585639,0.23877387156697333,0.4588146233101952,0.09725318118845183,0.9372212357537926
