,EC_A,Thick_A,EC_B,Thick_B,EC_C
0,12.36920744744001,0.40727944624160733,23.336232433021966,0.5797346174839663,8.00320342536927
