,EC_A,Thick_A,EC_B,Thick_B,EC_C
0,0.8479652900307031,0.23547771378611268,0.4604888830144372,0.09650071326488914,0.9363778212990906
