,EC_A,Thick_A,EC_B,Thick_B,EC_C
0,12.354854711033845,0.4066048961201557,23.329035038204083,0.5789397423122835,7.965642212468168
