,EC_A,Thick_A,EC_B,Thick_B,EC_C
0,0.8482257127342951,0.23394176665348954,0.45859461174739274,0.09734217039185375,0.9372732661298073
