,EC_A,Thick_A,EC_B,Thick_B,EC_C
0,12.367401239077509,0.40684794656128886,23.35871549076533,0.5782976885461151,7.949849371244959
