,EC_A,Thick_A,EC_B,Thick_B,EC_C
0,0.8483709839818975,0.23792925750718644,0.45932092415427006,0.09718978328704102,0.9372134723392515
