,EC_A,Thick_A,EC_B,Thick_B,EC_C
0,12.4153623340007,0.40666064733563784,23.30102365336203,0.5795393503726358,8.001604383869672
