,EC_A,Thick_A,EC_B,Thick_B,EC_C
0,0.8469939843407,0.23725606261977528,0.46040012755413473,0.09544114312439697,0.9364444359727653
