,EC_A,Thick_A,EC_B,Thick_B,EC_C
0,12.309086099014847,0.4062326266535333,23.39522358681127,0.5792097581648848,7.9973467540956
