,EC_A,Thick_A,EC_B,Thick_B,EC_C
0,0.8493455145803408,0.2357284567809903,0.45644664908730315,0.09406501771763547,0.9364034335520259
