,EC_A,Thick_A,EC_B,Thick_B,EC_C
0,12.376551680836151,0.40542095382706644,23.30248908691584,0.579013284668454,7.975389276397797
