,EC_A,Thick_A,EC_B,Thick_B,EC_C
0,0.8475383221816021,0.23927076562559546,0.45924975251075456,0.0979693807028017,0.9369191858402246
