,EC_A,Thick_A,EC_B,Thick_B,EC_C
0,0.8474360305007227,0.23742877071045307,0.46067558619537097,0.09865089025210182,0.9367820926271035
