,EC_A,Thick_A,EC_B,Thick_B,EC_C
0,12.382617468044058,0.4074072129167206,23.269901382053963,0.5784537876727519,7.971529758331867
