,EC_A,Thick_A,EC_B,Thick_B,EC_C
0,12.37776691439161,0.4054116183388764,23.32864405955366,0.5781772871776586,7.968995107822918
