,EC_A,Thick_A,EC_B,Thick_B,EC_C
0,0.8483319719837379,0.23630918984085633,0.4601100367004853,0.09871093575245901,0.9368717294960319
