,EC_A,Thick_A,EC_B,Thick_B,EC_C
0,12.373900118934344,0.4059591987218263,23.358947946067694,0.5780557136045696,7.983890510372791
