,EC_A,Thick_A,EC_B,Thick_B,EC_C
0,0.8480731616081961,0.23724919920876006,0.4574187854978152,0.09826855233972938,0.9367201638322096
