,EC_A,Thick_A,EC_B,Thick_B,EC_C
0,12.276702072441326,0.4071468554964947,23.302919670587368,0.5787277405176362,8.011787761407934
