,EC_A,Thick_A,EC_B,Thick_B,EC_C
0,0.850088545637538,0.23421105017178406,0.46107154220112834,0.0959250261204824,0.9363070354474798
