,EC_A,Thick_A,EC_B,Thick_B,EC_C
0,12.407332751301746,0.4069232227510794,23.375267658334376,0.578769633814648,8.024293972764784
