,EC_A,Thick_A,EC_B,Thick_B,EC_C
0,0.847277371079973,0.23486988079597584,0.4585530652723593,0.09707243134097449,0.9361624433550334
