,EC_A,Thick_A,EC_B,Thick_B,EC_C
0,12.322450109277305,0.40754085890137953,23.353865141138034,0.5778964408622187,7.978684536598382
