,EC_A,Thick_A,EC_B,Thick_B,EC_C
0,0.8493168636489387,0.23256291512260518,0.459255872589316,0.10007589190340978,0.9368113985139329
