,EC_A,Thick_A,EC_B,Thick_B,EC_C
0,0.8475118116062296,0.2350760770089344,0.4624106797283697,0.09939219794155299,0.936918238416361
