,EC_A,Thick_A,EC_B,Thick_B,EC_C
0,12.37831363672132,0.4069420377798997,23.2488865822377,0.5775104750888355,7.9553678674540365
