,EC_A,Thick_A,EC_B,Thick_B,EC_C
0,12.297931393511007,0.40620371697202495,23.33762509861081,0.579933971595933,8.012791316248745
