,EC_A,Thick_A,EC_B,Thick_B,EC_C
0,0.8491915935275991,0.23741054525172417,0.45821975410246907,0.09590917401074756,0.9361749465867213
