,EC_A,Thick_A,EC_B,Thick_B,EC_C
0,0.8463366223072404,0.23410103411339905,0.45796511150019087,0.09832185095848862,0.9366693937218049
