,EC_A,Thick_A,EC_B,Thick_B,EC_C
0,12.410788952262681,0.40650970506579115,23.303404102019634,0.5801118610790729,7.978312000860493
