,EC_A,Thick_A,EC_B,Thick_B,EC_C
0,0.8517517727169122,0.2387849780136761,0.46390737615250266,0.0982947803712382,0.9368708132801886
