,EC_A,Thick_A,EC_B,Thick_B,EC_C
0,12.2095042938945,0.40567104569650825,23.20565796250227,0.5785027088033644,7.980058744056185
