,EC_A,Thick_A,EC_B,Thick_B,EC_C
0,0.8477493490824296,0.23652525772406027,0.4587368574233454,0.09752308348977881,0.9363198634330427
