,EC_A,Thick_A,EC_B,Thick_B,EC_C
0,12.388680692297946,0.4058708949908224,23.361607491931387,0.5789031571517911,8.004364015985862
