,EC_A,Thick_A,EC_B,Thick_B,EC_C
0,12.36902968858301,0.40673773945403624,23.354331958113022,0.5793796882986069,8.007280778971348
