,EC_A,Thick_A,EC_B,Thick_B,EC_C
0,0.8480804159583928,0.2392470232719838,0.4593698466112869,0.09449054215097355,0.9362717045156617
