,EC_A,Thick_A,EC_B,Thick_B,EC_C
0,0.8478069192086466,0.23632023683187692,0.4578338013531676,0.09731116060649546,0.9362148106976103
