,EC_A,Thick_A,EC_B,Thick_B,EC_C
0,12.393194361919843,0.40709011243079934,23.370299072046613,0.5777232553949184,8.008173174530304
