,EC_A,Thick_A,EC_B,Thick_B,EC_C
0,0.8499855380012434,0.23488319178475336,0.4597698950219293,0.09780135608641607,0.9371454059954475
