,EC_A,Thick_A,EC_B,Thick_B,EC_C
0,12.303692874286337,0.406412486115725,23.378376643174555,0.57916725012414,7.958417790818876
