,EC_A,Thick_A,EC_B,Thick_B,EC_C
0,12.452715555982667,0.40786411082055596,23.328420938727778,0.577655240309568,8.02758003861574
