,EC_A,Thick_A,EC_B,Thick_B,EC_C
0,0.8461081911303822,0.23215719666771148,0.4601963852767897,0.0998044165992689,0.9360275400055663
